n,Share,decile,origin,child,sd,gender,mixity,order_gender,order_origin
16,0.0154291224686596,9,South Europe,53.375,28.6237081222309,Female,No native parent,1,3
19,0.0162116040955631,8,South Europe,64.421052631579,31.6163034410232,Male,No native parent,0,3
20,0.0170648464163823,9,South Europe,70.4,25.3385497861097,Male,No native parent,0,3
26,0.0250723240115718,8,South Europe,52.0769230769231,26.6306936851793,Female,No native parent,1,3
36,0.0345158197507191,1,Other,42.9722222222222,31.0993671144709,Male,One native parent,0,4
41,0.0383177570093458,1,Other,32.6829268292683,25.4258126953597,Female,One native parent,1,4
45,0.0490196078431373,10,Other,57.6,34.2639487189988,Female,No native parent,1,4
45,0.0182481751824818,10,North Africa,68.3555555555556,34.7492024470645,Male,No native parent,0,2
46,0.048884165781084,10,Other,67.0652173913044,33.5628115455273,Male,No native parent,0,4
48,0.0203994900127497,8,North Africa,50.1875,32.3864013030423,Female,No native parent,1,2
48,0.0522875816993464,7,Other,48,31.1953351668196,Female,No native parent,1,4
49,0.0208244793880153,9,North Africa,55.1632653061225,31.6111444870684,Female,No native parent,1,2
49,0.0520722635494155,8,Other,61.3265306122449,30.8351718517872,Male,No native parent,0,4
50,0.0212494687632809,10,North Africa,66.2,30.4711305323312,Female,No native parent,1,2
52,0.0220994475138122,7,North Africa,47.2884615384615,33.3445098155848,Female,No native parent,1,2
54,0.0520732883317261,7,South Europe,50.0740740740741,27.1396471465584,Female,No native parent,1,3
54,0.0460750853242321,7,South Europe,61.9259259259259,30.3848595935988,Male,No native parent,0,3
54,0.0573857598299681,9,Other,65.0185185185185,32.2955051143962,Male,No native parent,0,4
55,0.0599128540305011,5,Other,50.7818181818182,30.5181736438949,Female,No native parent,1,4
56,0.0610021786492375,9,Other,60.6964285714286,27.5812318551828,Female,No native parent,1,4
57,0.0515837104072398,1,South Europe,46.9298245614035,27.39646721824,Male,One native parent,0,3
57,0.0605738575982997,7,Other,54.3859649122807,32.3577956968006,Male,No native parent,0,4
58,0.0631808278867102,8,Other,53.7586206896552,31.1489406453459,Female,No native parent,1,4
59,0.0642701525054466,6,Other,49.0677966101695,31.4444580977534,Female,No native parent,1,4
59,0.0626992561105207,6,Other,55.2542372881356,29.877677759283,Male,No native parent,0,4
60,0.024330900243309,9,North Africa,57.9333333333333,31.8060151366067,Male,No native parent,0,2
61,0.0568499534016775,1,South Europe,31.672131147541,23.7828518835704,Female,One native parent,1,3
63,0.0255474452554745,8,North Africa,64.3015873015873,29.8872261637379,Male,No native parent,0,2
65,0.0588235294117647,10,South Europe,69.2307692307692,29.6251419990105,Male,One native parent,0,3
66,0.0267639902676399,6,North Africa,45.530303030303,32.3053792600788,Male,No native parent,0,2
67,0.0624417520969245,10,South Europe,53.8358208955224,28.0889264360721,Female,One native parent,1,3
68,0.0635514018691589,3,Other,38.3676470588235,25.9913328905197,Female,One native parent,1,4
68,0.0651965484180249,2,Other,49.6470588235294,31.0136054428319,Male,One native parent,0,4
68,0.0651965484180249,4,Other,57,30.232926599095,Male,One native parent,0,4
68,0.0275750202757502,7,North Africa,52.4411764705882,31.3699077941452,Male,No native parent,0,2
68,0.0722635494155154,4,Other,54.9558823529412,28.5246339328111,Male,No native parent,0,4
70,0.0654205607476636,2,Other,33.0857142857143,23.1802907642934,Female,One native parent,1,4
71,0.075451647183847,5,Other,44.9295774647887,29.2444495069025,Male,No native parent,0,4
72,0.0690316395014382,3,Other,52.3472222222222,28.0458175045624,Male,One native parent,0,4
74,0.0806100217864924,4,Other,44.527027027027,31.1941437131917,Female,No native parent,1,4
75,0.0318742031449214,6,North Africa,42.64,28.6241440329946,Female,No native parent,1,2
76,0.070829450139795,9,South Europe,53.6184210526316,28.9956167286313,Female,One native parent,1,3
80,0.0723981900452489,9,South Europe,53.825,32.1876519290995,Male,One native parent,0,3
84,0.0785046728971963,4,Other,42.1547619047619,25.8897077040833,Female,One native parent,1,4
86,0.0824544582933845,5,Other,50.2093023255814,29.9682641076385,Male,One native parent,0,4
88,0.0822429906542056,6,Other,44.25,25.5874655017764,Female,One native parent,1,4
90,0.0867888138862102,6,South Europe,48.8111111111111,29.5440613414831,Female,No native parent,1,3
91,0.0386740331491713,5,North Africa,32.4505494505495,25.6407937718454,Female,No native parent,1,2
94,0.0876048462255359,8,South Europe,48.468085106383,27.7444955802666,Female,One native parent,1,3
94,0.0878504672897196,5,Other,43.4893617021277,26.6449150592177,Female,One native parent,1,4
97,0.0827645051194539,6,South Europe,57.6288659793815,27.6519738549638,Male,No native parent,0,3
100,0.0904977375565611,8,South Europe,61.54,27.7078627209978,Male,One native parent,0,3
103,0.0987535953978907,6,Other,61.5825242718447,28.7717604850436,Male,One native parent,0,4
103,0.0987535953978907,7,Other,56.8446601941748,31.4744706013986,Male,One native parent,0,4
104,0.097196261682243,7,Other,49.3173076923077,29.6265639210571,Female,One native parent,1,4
104,0.110520722635494,3,Other,47.0192307692308,30.3641270105247,Male,No native parent,0,4
105,0.11437908496732,3,Other,39.8285714285714,29.4224721621394,Female,No native parent,1,4
107,0.0433901054339011,5,North Africa,50.7009345794393,32.700243768427,Male,No native parent,0,2
113,0.105312208760485,2,South Europe,33.3893805309735,24.4129040923028,Female,One native parent,1,3
114,0.109300095877277,8,Other,59.5964912280702,31.3170256214453,Male,One native parent,0,4
120,0.111835973904939,5,South Europe,39.725,23.9950844055663,Female,One native parent,1,3
121,0.109502262443439,5,South Europe,60.1239669421488,25.2957737734764,Male,One native parent,0,3
123,0.0582386363636364,1,North Africa,32.3739837398374,26.5179797879198,Female,One native parent,1,2
127,0.118359739049394,6,South Europe,45.4409448818898,23.1758815326278,Female,One native parent,1,3
127,0.114932126696833,6,South Europe,58.2204724409449,28.8157566536272,Male,One native parent,0,3
131,0.0628598848368522,1,North Africa,40.5114503816794,27.8425149207284,Male,One native parent,0,2
132,0.119457013574661,4,South Europe,51.1666666666667,30.3073736188786,Male,One native parent,0,3
133,0.120361990950226,2,South Europe,50.6691729323308,28.5353905210629,Male,One native parent,0,3
133,0.120361990950226,7,South Europe,61.609022556391,29.0260683739546,Male,One native parent,0,3
134,0.129218900675024,5,South Europe,46.5223880597015,26.0548052854904,Female,No native parent,1,3
136,0.126747437092265,7,South Europe,48.8455882352941,26.9726552000411,Female,One native parent,1,3
139,0.129543336439888,4,South Europe,40.5539568345324,25.3917630892526,Female,One native parent,1,3
140,0.130475302889096,3,South Europe,37.6142857142857,23.548384512641,Female,One native parent,1,3
143,0.0579886455798865,4,North Africa,42.9090909090909,29.8375670880036,Male,No native parent,0,2
145,0.0616234594135147,4,North Africa,39.951724137931,30.1264305871667,Female,No native parent,1,2
146,0.155154091392136,2,Other,49.6780821917808,29.9309400365084,Male,No native parent,0,4
146,0.12457337883959,5,South Europe,66.4041095890411,24.5698381865255,Male,No native parent,0,3
149,0.139252336448598,8,Other,52.2214765100671,28.9827175058069,Female,One native parent,1,4
150,0.14018691588785,9,Other,55.8666666666667,30.163462200178,Female,One native parent,1,4
152,0.146576663452266,1,South Europe,36.5855263157895,25.5548868018674,Female,No native parent,1,3
157,0.0753358925143954,2,North Africa,48.2738853503185,27.4302405331182,Male,One native parent,0,2
157,0.142081447963801,3,South Europe,49.9872611464968,27.5213174394767,Male,One native parent,0,3
159,0.173202614379085,2,Other,39.8301886792453,31.7574286230637,Female,No native parent,1,4
168,0.0795454545454545,3,North Africa,35.1071428571429,25.1612847063754,Female,One native parent,1,2
170,0.163934426229508,4,South Europe,50.5235294117647,25.643251864141,Female,No native parent,1,3
172,0.164908916586769,9,Other,68.7383720930233,29.9022996577153,Male,One native parent,0,4
177,0.0838068181818182,5,North Africa,42.7796610169492,25.6300612274103,Female,One native parent,1,2
179,0.152730375426621,1,South Europe,48.6983240223464,27.8636033282443,Male,No native parent,0,3
181,0.174541947926712,2,South Europe,37.2762430939227,23.3714198500486,Female,No native parent,1,3
181,0.086852207293666,3,North Africa,46.8342541436464,27.7377628297907,Male,One native parent,0,2
186,0.0880681818181818,2,North Africa,33.2795698924731,27.1216939562641,Female,One native parent,1,2
186,0.0892514395393474,5,North Africa,53.8333333333333,27.0096912870811,Male,One native parent,0,2
192,0.0921305182341651,4,North Africa,50.7604166666667,29.4393492386485,Male,One native parent,0,2
194,0.165529010238908,4,South Europe,60.8041237113402,28.2797421682693,Male,No native parent,0,3
197,0.0945297504798464,6,North Africa,56.2385786802031,27.3340808054661,Male,One native parent,0,2
200,0.0946969696969697,4,North Africa,40.705,25.6042155566492,Female,One native parent,1,2
202,0.0956439393939394,7,North Africa,53.460396039604,26.7795666486992,Female,One native parent,1,2
205,0.0831305758313058,3,North Africa,46.2048780487805,30.5854152031131,Male,No native parent,0,2
206,0.198649951783992,3,South Europe,47.5339805825243,28.6103564854409,Female,No native parent,1,3
215,0.0913727156821079,3,North Africa,39.8697674418605,30.6880866324477,Female,No native parent,1,2
217,0.185153583617747,2,South Europe,55.889400921659,27.5113903702159,Male,No native parent,0,3
219,0.105086372360845,7,North Africa,59.4840182648402,29.4092207708448,Male,One native parent,0,2
220,0.104166666666667,6,North Africa,44.3681818181818,26.6664820717978,Female,One native parent,1,2
221,0.211888782358581,10,Other,68.3800904977376,32.25453262004,Male,One native parent,0,4
222,0.207476635514019,10,Other,57.4369369369369,32.5582399935895,Female,One native parent,1,4
233,0.198805460750853,3,South Europe,55.3004291845494,28.3674298695038,Male,No native parent,0,3
235,0.112763915547025,8,North Africa,59.6765957446809,29.4144726629041,Male,One native parent,0,2
256,0.121212121212121,8,North Africa,49.49609375,26.933323342098,Female,One native parent,1,2
259,0.282135076252723,1,Other,38.1737451737452,28.187438888858,Female,No native parent,1,4
260,0.124760076775432,9,North Africa,60.0615384615385,30.4195257975457,Male,One native parent,0,2
274,0.129734848484848,9,North Africa,54.8284671532847,28.9648604812231,Female,One native parent,1,2
287,0.304994686503719,1,Other,46.7073170731707,29.3648030737472,Male,No native parent,0,4
306,0.144886363636364,10,North Africa,61.6830065359477,30.1161822213049,Female,One native parent,1,2
326,0.156429942418426,10,North Africa,70.1564417177914,30.5200575396369,Male,One native parent,0,2
453,0.192520186995325,2,North Africa,37.6799116997793,29.5732399365739,Female,No native parent,1,2
458,0.185725871857259,2,North Africa,43.7794759825328,30.0125694701708,Male,No native parent,0,2
1175,0.499362515937102,1,North Africa,33.7940425531915,27.8413024949423,Female,No native parent,1,2
1251,0.507299270072993,1,North Africa,41.4460431654676,29.8144006535589,Male,No native parent,0,2
2357,0.0683882199332656,1,France,43.9732711073398,26.6172591996323,Male,No native parent,0,1
2455,0.0725001476581419,1,France,31.122199592668,23.7639963487243,Female,No native parent,1,1
3102,0.0900043522414043,2,France,48.9987105093488,25.8743521828904,Male,No native parent,0,1
3128,0.0923749335538362,2,France,34.306905370844,23.8764366010975,Female,No native parent,1,1
3358,0.0974321775714493,3,France,51.9207861822514,26.3503295176918,Male,No native parent,0,1
3359,0.0991967397082275,3,France,36.9392676391783,24.423865310875,Female,No native parent,1,1
3381,0.0998464355324553,4,France,39.9787045252884,25.0758757846777,Female,No native parent,1,1
3475,0.10262240859961,10,France,60.1772661870504,29.2685184578901,Female,No native parent,1,1
3580,0.103873494849848,4,France,52.3195530726257,26.3905926117163,Male,No native parent,0,1
3587,0.104076599448716,5,France,56.1299135768051,26.6356584115451,Male,No native parent,0,1
3590,0.106018545862619,8,France,50.7871866295265,26.6707707295487,Female,No native parent,1,1
3598,0.106254798889611,5,France,41.9408004446915,25.1216024525599,Female,No native parent,1,1
3620,0.106904494713839,7,France,47.7447513812155,25.8974967892502,Female,No native parent,1,1
3624,0.107022621227334,9,France,54.6172737306843,27.4301167547508,Female,No native parent,1,1
3628,0.105266212099231,6,France,56.6686879823594,27.0279688637045,Male,No native parent,0,1
3632,0.107258874254326,6,France,44.0462555066079,25.3551052651341,Female,No native parent,1,1
3677,0.10668794429131,9,France,64.963013326081,28.8238004374394,Male,No native parent,0,1
3686,0.106949078775569,10,France,69.1066196418882,30.3875246597561,Male,No native parent,0,1
3718,0.107877556941825,7,France,59.5728886498117,27.5537664878392,Male,No native parent,0,1
3772,0.109444363847381,8,France,61.6206256627784,28.03686493941,Male,No native parent,0,1
