n,year18,group,shape,order_shape,status,multiaes,order_multiaes,groupvar,y,se,ymin,ymax
299,1992,5,Female - Other Europe,3,treated,Individual control groups,1,5 treated,0.648865743348687,,,
299,1992,5,Female - Other Europe,3,difference,Individual control groups,1,5 difference,0.0527604781497174,,,
316,1992,2,Male- Other Europe,2,treated,Individual control groups,1,2 treated,0.844834125500388,,,
316,1992,2,Male- Other Europe,2,difference,Individual control groups,1,2 difference,0.0331801819166992,,,
341,1993,5,Female - Other Europe,3,treated,Individual control groups,1,5 treated,0.593674718672891,,,
341,1993,5,Female - Other Europe,3,difference,Individual control groups,1,5 difference,0.0223597370306273,,,
356,1993,2,Male- Other Europe,2,treated,Individual control groups,1,2 treated,0.745970884585501,,,
356,1993,2,Male- Other Europe,2,difference,Individual control groups,1,2 difference,-0.0516530247565387,,,
420,1994,5,Female - Other Europe,3,treated,Individual control groups,1,5 treated,0.551244948456804,,,
420,1994,5,Female - Other Europe,3,difference,Individual control groups,1,5 difference,-0.00591238185362975,,,
432,2001,2,Male- Other Europe,2,treated,Individual control groups,1,2 treated,0.716840381183576,,,
432,2001,2,Male- Other Europe,2,difference,Individual control groups,1,2 difference,-0.0349246739679681,,,
440,2000,2,Male- Other Europe,2,treated,Individual control groups,1,2 treated,0.760939769385534,,,
440,2000,2,Male- Other Europe,2,difference,Individual control groups,1,2 difference,0.0104909265791093,,,
466,2001,5,Female - Other Europe,3,treated,Individual control groups,1,5 treated,0.55479573470244,,,
466,2001,5,Female - Other Europe,3,difference,Individual control groups,1,5 difference,0.0451074229670909,,,
477,1999,2,Male- Other Europe,2,treated,Individual control groups,1,2 treated,0.792917348358415,,,
477,1999,2,Male- Other Europe,2,difference,Individual control groups,1,2 difference,0.043226537137591,,,
485,1998,2,Male- Other Europe,2,treated,Individual control groups,1,2 treated,0.775964473014895,,,
485,1998,2,Male- Other Europe,2,difference,Individual control groups,1,2 difference,0.0137750805093756,,,
503,1994,2,Male- Other Europe,2,treated,Individual control groups,1,2 treated,0.765676414413026,,,
503,1994,2,Male- Other Europe,2,difference,Individual control groups,1,2 difference,-0.0123913155434142,,,
503,1995,2,Male- Other Europe,2,treated,Individual control groups,1,2 treated,0.816128544707201,,,
503,1995,2,Male- Other Europe,2,difference,Individual control groups,1,2 difference,0.0215112394524137,,,
504,1998,5,Female - Other Europe,3,treated,Individual control groups,1,5 treated,0.54772010114955,,,
504,1998,5,Female - Other Europe,3,difference,Individual control groups,1,5 difference,0.00829170708729754,,,
508,1997,2,Male- Other Europe,2,treated,Individual control groups,1,2 treated,0.746521810367933,,,
508,1997,2,Male- Other Europe,2,difference,Individual control groups,1,2 difference,-0.0296962713513849,,,
526,2000,5,Female - Other Europe,3,treated,Individual control groups,1,5 treated,0.50911382218642,,,
526,2000,5,Female - Other Europe,3,difference,Individual control groups,1,5 difference,-0.0289939432127093,,,
531,1996,2,Male- Other Europe,2,treated,Individual control groups,1,2 treated,0.820438563874704,,,
531,1996,2,Male- Other Europe,2,difference,Individual control groups,1,2 difference,0.0434770691911595,,,
532,1995,5,Female - Other Europe,3,treated,Individual control groups,1,5 treated,0.589905065588781,,,
532,1995,5,Female - Other Europe,3,difference,Individual control groups,1,5 difference,0.00918456937474321,,,
534,1996,5,Female - Other Europe,3,treated,Individual control groups,1,5 treated,0.54733243450805,,,
534,1996,5,Female - Other Europe,3,difference,Individual control groups,1,5 difference,-0.0178307951543143,,,
542,1997,5,Female - Other Europe,3,treated,Individual control groups,1,5 treated,0.564321179508992,,,
542,1997,5,Female - Other Europe,3,difference,Individual control groups,1,5 difference,0.0132199863151351,,,
551,1999,5,Female - Other Europe,3,treated,Individual control groups,1,5 treated,0.506844186063758,,,
551,1999,5,Female - Other Europe,3,difference,Individual control groups,1,5 difference,-0.0416193261358914,,,
801,1993,3,Male - Africa,4,treated,Individual control groups,1,3 treated,0.75907247025069,,,
801,1993,3,Male - Africa,4,difference,Individual control groups,1,3 difference,0.0101044940241674,,,
823,1992,3,Male - Africa,4,treated,Individual control groups,1,3 treated,0.743396946723247,,,
823,1992,3,Male - Africa,4,difference,Individual control groups,1,3 difference,-0.0132268982743436,,,
848,1992,6,Female - Africa,5,treated,Individual control groups,1,6 treated,0.662043604210367,,,
848,1992,6,Female - Africa,5,difference,Individual control groups,1,6 difference,0.00258254879128628,,,
919,1993,6,Female - Africa,5,treated,Individual control groups,1,6 treated,0.658426700695198,,,
919,1993,6,Female - Africa,5,difference,Individual control groups,1,6 difference,0.0189938194151523,,,
999,2001,3,Male - Africa,4,treated,Individual control groups,1,3 treated,0.663290600106146,,,
999,2001,3,Male - Africa,4,difference,Individual control groups,1,3 difference,-0.0429465194767037,,,
1004,1994,3,Male - Africa,4,treated,Individual control groups,1,3 treated,0.7504375372569,,,
1004,1994,3,Male - Africa,4,difference,Individual control groups,1,3 difference,0.00881669449610478,,,
1017,1999,3,Male - Africa,4,treated,Individual control groups,1,3 treated,0.715345096945205,,,
1017,1999,3,Male - Africa,4,difference,Individual control groups,1,3 difference,-0.00171410887828372,,,
1053,2001,1,"",8,treated,Male - EU (treated),4,1 treated,0.854194529070268,,,
1053,2001,1,"",8,synthetic control,Synthetic control,2,1 synthetic control,0.66118413378091,,,
1053,2001,1,"",8,counterfactual,Counterfactual,3,1 counterfactual,0.845269758181377,,,
1053,2001,1,"",8,difference,Male - EU (treated),4,1 difference,0.00892477088889132,0.0167727616843702,-0.0239498420124742,0.0417993837902569
1076,2000,3,Male - Africa,4,treated,Individual control groups,1,3 treated,0.715926552051378,,,
1076,2000,3,Male - Africa,4,difference,Individual control groups,1,3 difference,-0.00222387004170999,,,
1096,1997,3,Male - Africa,4,treated,Individual control groups,1,3 treated,0.756902609380092,,,
1096,1997,3,Male - Africa,4,difference,Individual control groups,1,3 difference,0.0267700046981871,,,
1115,1994,6,Female - Africa,5,treated,Individual control groups,1,6 treated,0.617266895573644,,,
1115,1994,6,Female - Africa,5,difference,Individual control groups,1,6 difference,-0.0105782966693296,,,
1116,1996,3,Male - Africa,4,treated,Individual control groups,1,3 treated,0.754471001239228,,,
1116,1996,3,Male - Africa,4,difference,Individual control groups,1,3 difference,0.014466515147913,,,
1144,1998,3,Male - Africa,4,treated,Individual control groups,1,3 treated,0.69014758415756,,,
1144,1998,3,Male - Africa,4,difference,Individual control groups,1,3 difference,-0.0327145407090691,,,
1166,1995,3,Male - Africa,4,treated,Individual control groups,1,3 treated,0.722944799874545,,,
1166,1995,3,Male - Africa,4,difference,Individual control groups,1,3 difference,-0.0278594397972597,,,
1205,2001,4,Female - European Union,1,treated,Individual control groups,1,4 treated,0.817336934666158,,,
1205,2001,4,Female - European Union,1,difference,Individual control groups,1,4 difference,0.0374857688803723,,,
1231,2000,1,"",8,treated,Male - EU (treated),4,1 treated,0.876574303596893,,,
1231,2000,1,"",8,synthetic control,Synthetic control,2,1 synthetic control,0.676821461781512,,,
1231,2000,1,"",8,counterfactual,Counterfactual,3,1 counterfactual,0.860907086181978,,,
1231,2000,1,"",8,difference,Male - EU (treated),4,1 difference,0.0156672174149153,0.0153256613370715,-0.0143710788057448,0.0457055136355754
1242,1999,1,"",8,treated,Male - EU (treated),4,1 treated,0.890686734302644,,,
1242,1999,1,"",8,synthetic control,Synthetic control,2,1 synthetic control,0.675914130927181,,,
1242,1999,1,"",8,counterfactual,Counterfactual,3,1 counterfactual,0.859999755327647,,,
1242,1999,1,"",8,difference,Male - EU (treated),4,1 difference,0.0306869789749971,0.0143614067411104,0.00253862176242077,0.0588353361875734
1252,2000,4,Female - European Union,1,treated,Individual control groups,1,4 treated,0.817195585466307,,,
1252,2000,4,Female - European Union,1,difference,Individual control groups,1,4 difference,0.0123395329607656,,,
1291,2001,7,Male - Arrived by age 6,6,treated,Individual control groups,1,7 treated,0.708308138133182,,,
1291,2001,7,Male - Arrived by age 6,6,difference,Individual control groups,1,7 difference,0.00877425038207347,,,
1310,1997,6,Female - Africa,5,treated,Individual control groups,1,6 treated,0.629502791180217,,,
1310,1997,6,Female - Africa,5,difference,Individual control groups,1,6 difference,0.00784115369125804,,,
1311,2001,6,Female - Africa,5,treated,Individual control groups,1,6 treated,0.542552193607018,,,
1311,2001,6,Female - Africa,5,difference,Individual control groups,1,6 difference,-0.0553193412718611,,,
1312,1995,6,Female - Africa,5,treated,Individual control groups,1,6 treated,0.652788221001109,,,
1312,1995,6,Female - Africa,5,difference,Individual control groups,1,6 difference,0.0129609875707629,,,
1343,1999,4,Female - European Union,1,treated,Individual control groups,1,4 treated,0.808218335149926,,,
1343,1999,4,Female - European Union,1,difference,Individual control groups,1,4 difference,-0.00142483927894432,,,
1344,2000,7,Male - Arrived by age 6,6,treated,Individual control groups,1,7 treated,0.712620129623108,,,
1344,2000,7,Male - Arrived by age 6,6,difference,Individual control groups,1,7 difference,-0.0119730873827304,,,
1373,1996,6,Female - Africa,5,treated,Individual control groups,1,6 treated,0.624641214220222,,,
1373,1996,6,Female - Africa,5,difference,Individual control groups,1,6 difference,-0.00366120553319083,,,
1379,1999,6,Female - Africa,5,treated,Individual control groups,1,6 treated,0.60411103055699,,,
1379,1999,6,Female - Africa,5,difference,Individual control groups,1,6 difference,0.00137704084929924,,,
1379,2000,6,Female - Africa,5,treated,Individual control groups,1,6 treated,0.576601560855127,,,
1379,2000,6,Female - Africa,5,difference,Individual control groups,1,6 difference,-0.0280695212384166,,,
1382,1998,6,Female - Africa,5,treated,Individual control groups,1,6 treated,0.598049410180316,,,
1382,1998,6,Female - Africa,5,difference,Individual control groups,1,6 difference,-0.0104857490873068,,,
1456,1997,1,"",8,treated,Male - EU (treated),4,1 treated,0.897336985611292,,,
1456,1997,1,"",8,synthetic control,Synthetic control,2,1 synthetic control,0.694757604747384,,,
1456,1997,1,"",8,counterfactual,Counterfactual,3,1 counterfactual,0.878843229147851,,,
1456,1997,1,"",8,difference,Male - EU (treated),4,1 difference,0.0184937564634419,0.012945238817524,-0.00687891161890526,0.043866424545789
1463,1998,1,"",8,treated,Male - EU (treated),4,1 treated,0.876181184495722,,,
1463,1998,1,"",8,synthetic control,Synthetic control,2,1 synthetic control,0.679795795056233,,,
1463,1998,1,"",8,counterfactual,Counterfactual,3,1 counterfactual,0.8638814194567,,,
1463,1998,1,"",8,difference,Male - EU (treated),4,1 difference,0.0122997650390221,0.0137411888164256,-0.0146329650411721,0.0392324951192162
1527,1998,4,Female - European Union,1,treated,Individual control groups,1,4 treated,0.819962401340165,,,
1527,1998,4,Female - European Union,1,difference,Individual control groups,1,4 difference,0.0141480906389104,,,
1601,1997,4,Female - European Union,1,treated,Individual control groups,1,4 treated,0.814787172250419,,,
1601,1997,4,Female - European Union,1,difference,Individual control groups,1,4 difference,-0.00942781126630687,,,
1645,1996,4,Female - European Union,1,treated,Individual control groups,1,4 treated,0.841164355353074,,,
1645,1996,4,Female - European Union,1,difference,Individual control groups,1,4 difference,0.00783923636234163,,,
1687,2001,8,Female - Arrived by age 6,7,treated,Individual control groups,1,8 treated,0.583757530648687,,,
1687,2001,8,Female - Arrived by age 6,7,difference,Individual control groups,1,8 difference,0.0194351778393422,,,
1762,1999,7,Male - Arrived by age 6,6,treated,Individual control groups,1,7 treated,0.695893169077187,,,
1762,1999,7,Male - Arrived by age 6,6,difference,Individual control groups,1,7 difference,-0.0321996832315941,,,
1782,1996,1,"",8,treated,Male - EU (treated),4,1 treated,0.879952828598237,,,
1782,1996,1,"",8,synthetic control,Synthetic control,2,1 synthetic control,0.706850229760285,,,
1782,1996,1,"",8,counterfactual,Counterfactual,3,1 counterfactual,0.890935854160752,,,
1782,1996,1,"",8,difference,Male - EU (treated),4,1 difference,-0.0109830255625146,0.00933090543776026,-0.0292716002205247,0.00730554909549549
1845,2000,8,Female - Arrived by age 6,7,treated,Individual control groups,1,8 treated,0.598457440693352,,,
1845,2000,8,Female - Arrived by age 6,7,difference,Individual control groups,1,8 difference,0.0233636367185847,,,
1990,1995,4,Female - European Union,1,treated,Individual control groups,1,4 treated,0.841572894419078,,,
1990,1995,4,Female - European Union,1,difference,Individual control groups,1,4 difference,0.00369865645108236,,,
2020,1993,4,Female - European Union,1,treated,Individual control groups,1,4 treated,0.835190004154688,,,
2020,1993,4,Female - European Union,1,difference,Individual control groups,1,4 difference,-0.00272505733221862,,,
2035,1998,7,Male - Arrived by age 6,6,treated,Individual control groups,1,7 treated,0.722767275911186,,,
2035,1998,7,Male - Arrived by age 6,6,difference,Individual control groups,1,7 difference,0.00271857660852759,,,
2134,1997,7,Male - Arrived by age 6,6,treated,Individual control groups,1,7 treated,0.721560317940187,,,
2134,1997,7,Male - Arrived by age 6,6,difference,Individual control groups,1,7 difference,-0.0206518923074831,,,
2143,1994,4,Female - European Union,1,treated,Individual control groups,1,4 treated,0.828712309287183,,,
2143,1994,4,Female - European Union,1,difference,Individual control groups,1,4 difference,-0.00226833256993197,,,
2214,1993,1,"",8,treated,Male - EU (treated),4,1 treated,0.894676344192608,,,
2214,1993,1,"",8,synthetic control,Synthetic control,2,1 synthetic control,0.714945999641259,,,
2214,1993,1,"",8,counterfactual,Counterfactual,3,1 counterfactual,0.899031624041725,,,
2214,1993,1,"",8,difference,Male - EU (treated),4,1 difference,-0.00435527984911754,0.00971638459072255,-0.0233993936469337,0.0146888339486987
2224,1995,1,"",8,treated,Male - EU (treated),4,1 treated,0.896613081914553,,,
2224,1995,1,"",8,synthetic control,Synthetic control,2,1 synthetic control,0.712963792806552,,,
2224,1995,1,"",8,counterfactual,Counterfactual,3,1 counterfactual,0.897049417207019,,,
2224,1995,1,"",8,difference,Male - EU (treated),4,1 difference,-0.000436335292465562,0.0091831025883785,-0.0184352163656874,0.0175625457807563
2271,1996,7,Male - Arrived by age 6,6,treated,Individual control groups,1,7 treated,0.738534244518381,,,
2271,1996,7,Male - Arrived by age 6,6,difference,Individual control groups,1,7 difference,-0.0106549698261651,,,
2302,1992,7,Male - Arrived by age 6,6,treated,Individual control groups,1,7 treated,0.731815677667799,,,
2302,1992,7,Male - Arrived by age 6,6,difference,Individual control groups,1,7 difference,-0.0313706674535873,,,
2328,1999,8,Female - Arrived by age 6,7,treated,Individual control groups,1,8 treated,0.578706583372509,,,
2328,1999,8,Female - Arrived by age 6,7,difference,Individual control groups,1,8 difference,-0.00164202954012704,,,
2367,1993,7,Male - Arrived by age 6,6,treated,Individual control groups,1,7 treated,0.739701300357586,,,
2367,1993,7,Male - Arrived by age 6,6,difference,Individual control groups,1,7 difference,-0.0164514471156143,,,
2372,1992,4,Female - European Union,1,treated,Individual control groups,1,4 treated,0.830196731717507,,,
2372,1992,4,Female - European Union,1,difference,Individual control groups,1,4 difference,-0.0215938372650055,,,
2399,1994,1,"",8,treated,Male - EU (treated),4,1 treated,0.88983314342535,,,
2399,1994,1,"",8,synthetic control,Synthetic control,2,1 synthetic control,0.703775010951091,,,
2399,1994,1,"",8,counterfactual,Counterfactual,3,1 counterfactual,0.887860635351558,,,
2399,1994,1,"",8,difference,Male - EU (treated),4,1 difference,0.00197250807379223,0.00750924788842587,-0.0127456177875225,0.0166906339351069
2428,1995,7,Male - Arrived by age 6,6,treated,Individual control groups,1,7 treated,0.733405858029698,,,
2428,1995,7,Male - Arrived by age 6,6,difference,Individual control groups,1,7 difference,-0.0194582278966452,,,
2446,1994,7,Male - Arrived by age 6,6,treated,Individual control groups,1,7 treated,0.754064378448836,,,
2446,1994,7,Male - Arrived by age 6,6,difference,Individual control groups,1,7 difference,0.00907436393398908,,,
2592,1998,8,Female - Arrived by age 6,7,treated,Individual control groups,1,8 treated,0.573879710115003,,,
2592,1998,8,Female - Arrived by age 6,7,difference,Individual control groups,1,8 difference,-0.0121453329883805,,,
2597,1992,1,"",8,treated,Male - EU (treated),4,1 treated,0.894926644412462,,,
2597,1992,1,"",8,synthetic control,Synthetic control,2,1 synthetic control,0.727500505387817,,,
2597,1992,1,"",8,counterfactual,Counterfactual,3,1 counterfactual,0.911586129788283,,,
2597,1992,1,"",8,difference,Male - EU (treated),4,1 difference,-0.0166594853758213,0.0088857744651899,-0.0340756033275935,0.000756632575950912
2737,1997,8,Female - Arrived by age 6,7,treated,Individual control groups,1,8 treated,0.586043992160042,,,
2737,1997,8,Female - Arrived by age 6,7,difference,Individual control groups,1,8 difference,-0.0178748869467713,,,
2740,1996,8,Female - Arrived by age 6,7,treated,Individual control groups,1,8 treated,0.590453966458592,,,
2740,1996,8,Female - Arrived by age 6,7,difference,Individual control groups,1,8 difference,-0.0173678266908065,,,
2828,1995,8,Female - Arrived by age 6,7,treated,Individual control groups,1,8 treated,0.615927059296101,,,
2828,1995,8,Female - Arrived by age 6,7,difference,Individual control groups,1,8 difference,-0.00272523499529664,,,
2884,1993,8,Female - Arrived by age 6,7,treated,Individual control groups,1,8 treated,0.625209582440611,,,
2884,1993,8,Female - Arrived by age 6,7,difference,Individual control groups,1,8 difference,0.00551752789633242,,,
2886,1992,8,Female - Arrived by age 6,7,treated,Individual control groups,1,8 treated,0.63819059037239,,,
2886,1992,8,Female - Arrived by age 6,7,difference,Individual control groups,1,8 difference,0.00276382681997989,,,
2966,1994,8,Female - Arrived by age 6,7,treated,Individual control groups,1,8 treated,0.607160946889145,,,
2966,1994,8,Female - Arrived by age 6,7,difference,Individual control groups,1,8 difference,0.00232460816560476,,,
